user_id,username,profile_url,is_blocked,created_at
01cac922-b500-4482-b0b0-25458c9b3aa6,CRK_76,https://www.reddit.com/user/CRK_76,false,1970-01-01 00:00:00
0263bbea-7b0d-4760-87c6-00c4078ae5ae,MileyDoveXO,https://www.reddit.com/user/MileyDoveXO,false,1970-01-01 00:00:00
04331560-6670-405f-b25d-fdac22e6d40c,Delicious-Dog-1515,https://www.reddit.com/user/Delicious-Dog-1515,false,1970-01-01 00:00:00
04543d26-16a9-49e9-9df0-0b176cef49d9,Possible-Animal9339,https://www.reddit.com/user/Possible-Animal9339,false,1970-01-01 00:00:00
05b30e40-2cc9-4305-9235-2c944e876f86,Life-Chicken7183,https://www.reddit.com/user/Life-Chicken7183,false,1970-01-01 00:00:00
0ae5bf9b-6e35-4053-86e2-29d7ab52bd80,First-Income-7266,https://www.reddit.com/user/First-Income-7266,false,1970-01-01 00:00:00
0b39fa63-38ee-4076-af84-58b33dec3690,times-fell-hand,https://www.reddit.com/user/times-fell-hand,false,1970-01-01 00:00:00
13d93191-ac9d-4438-a694-d45d5f684c7a,kkggooddiie55,https://www.reddit.com/user/kkggooddiie55,false,1970-01-01 00:00:00
22a3e24d-34d7-4e0a-b5ca-3fa3aa351c13,JessMcPlll,https://www.reddit.com/user/JessMcPlll,false,1970-01-01 00:00:00
2c7b37e6-f0b5-4828-a705-80f77e7b37bc,Ok-Vacation215,https://www.reddit.com/user/Ok-Vacation215,false,1970-01-01 00:00:00
377af7ed-a177-4548-87e2-fe25762f6f4d,wooahwoosah,https://www.reddit.com/user/wooahwoosah,false,1970-01-01 00:00:00
442d69e3-b76c-4755-b84e-3fca2724ed61,AbrocomaObjective462,https://www.reddit.com/user/AbrocomaObjective462,false,1970-01-01 00:00:00
4a592a48-e4c5-41aa-a822-25409a86adf5,Financial_Fishing463,https://www.reddit.com/user/Financial_Fishing463,false,1970-01-01 00:00:00
4c882022-c79c-4f4b-9e92-f90dc45824cc,Bossmado,https://www.reddit.com/user/Bossmado,false,1970-01-01 00:00:00
4d0ddb00-064d-4e44-9df1-dab33300e68a,Emotional-Swing-603,https://www.reddit.com/user/Emotional-Swing-603,false,1970-01-01 00:00:00
519ceb9a-025e-4aca-973e-c44d2301ad4a,Human-Lab-921,https://www.reddit.com/user/Human-Lab-921,false,1970-01-01 00:00:00
540fff05-7e36-408f-bcfc-0fe69e6f5724,LazyMathematician823,https://www.reddit.com/user/LazyMathematician823,false,1970-01-01 00:00:00
6810bf41-0019-43bb-9671-49cecdfa8dd7,NickOffermanAMA,https://www.reddit.com/user/NickOffermanAMA,false,1970-01-01 00:00:00
684f7884-4f2c-4a84-8462-a74cc2704e58,ciphernom,https://www.reddit.com/user/ciphernom,false,1970-01-01 00:00:00
6b258808-7308-4984-8409-3f3ecafb8bb3,rick_e_coyote,https://www.reddit.com/user/rick_e_coyote,false,1970-01-01 00:00:00
6fa65045-8cc9-4345-9555-ecd3a23ff44f,Gloomy_Delay8773,https://www.reddit.com/user/Gloomy_Delay8773,false,1970-01-01 00:00:00
75ae2509-5e88-468e-a17b-930d8fcf69a1,KevinSmithAMA,https://www.reddit.com/user/KevinSmithAMA,false,1970-01-01 00:00:00
75b58640-170d-4300-bca3-2229a15498fa,painfuldrp,https://www.reddit.com/user/painfuldrp,false,1970-01-01 00:00:00
76c5d8c8-36e2-43ab-8cfc-1f0ca2c39a89,DeniseDv,https://www.reddit.com/user/DeniseDv,false,1970-01-01 00:00:00
7821fd9a-6a3f-421d-96d8-649e21084c50,l__o-o__l,https://www.reddit.com/user/l__o-o__l,false,1970-01-01 00:00:00
7a0c3aae-dc15-480d-bc31-963e88edbd23,Aromatic-You-2321,https://www.reddit.com/user/Aromatic-You-2321,false,1970-01-01 00:00:00
7d114c94-16ab-4ab3-8013-46c328437937,fightclub-848,https://www.reddit.com/user/fightclub-848,false,1970-01-01 00:00:00
7e16c440-039b-4c66-a12b-43b41e5f2b8b,TrainingDistance4448,https://www.reddit.com/user/TrainingDistance4448,false,1970-01-01 00:00:00
7e949a10-f8f3-4e96-806f-e9914433611c,ElijahWoodAMA,https://www.reddit.com/user/ElijahWoodAMA,false,1970-01-01 00:00:00
8b6920bc-2c7a-42a1-ae51-509288fa1dd1,DaikonCompetitive147,https://www.reddit.com/user/DaikonCompetitive147,false,1970-01-01 00:00:00
955d3035-50b0-4674-bd9d-1bc70547a18a,CaviarWithClaws,https://www.reddit.com/user/CaviarWithClaws,false,1970-01-01 00:00:00
9bfb2cc7-4a00-4f36-8ad1-944f19ea40b2,Exciting_Height_4917,https://www.reddit.com/user/Exciting_Height_4917,false,1970-01-01 00:00:00
a212feff-c1b3-48c1-bf5e-5cebcf6986eb,coast_lord,https://www.reddit.com/user/coast_lord,false,1970-01-01 00:00:00
a77c1c25-0635-4523-b3bb-5c235494ed7a,Glittering-Way6551,https://www.reddit.com/user/Glittering-Way6551,false,1970-01-01 00:00:00
aedbe9d1-aac1-461b-bdbd-486c6e9286bc,haldiii4o,https://www.reddit.com/user/haldiii4o,false,1970-01-01 00:00:00
afa9cda7-ee49-4f95-ab68-dfa0c4e73cca,Evclid0_0,https://www.reddit.com/user/Evclid0_0,false,1970-01-01 00:00:00
b146ca06-25b0-4f8d-b423-d322e7934e3f,acocktailofmagnets,https://www.reddit.com/user/acocktailofmagnets,false,1970-01-01 00:00:00
b235b080-70e9-4236-b170-05d276e95359,YocaLocaChoca,https://www.reddit.com/user/YocaLocaChoca,false,1970-01-01 00:00:00
b6fef8d8-3d1a-413c-ab9d-32678936bc31,LongDistanceStranger,https://www.reddit.com/user/LongDistanceStranger,false,1970-01-01 00:00:00
b71523b6-561f-4169-bc11-faf7ffc08ef9,msaussieandmrravana,https://www.reddit.com/user/msaussieandmrravana,false,1970-01-01 00:00:00
b72f66eb-a2f2-4fed-b603-5e73181640c6,First_Drive_7874,https://www.reddit.com/user/First_Drive_7874,false,1970-01-01 00:00:00
b78c2049-2bbf-41aa-8689-f5e88b64b4c5,Humble-coco133,https://www.reddit.com/user/Humble-coco133,false,1970-01-01 00:00:00
bc40dc93-a77f-457f-9626-a54ee399d697,BillCarson12799,https://www.reddit.com/user/BillCarson12799,false,1970-01-01 00:00:00
c00faab4-6cda-4fb9-9454-f7d994b798e3,aurora_chrysalis,https://www.reddit.com/user/aurora_chrysalis,false,1970-01-01 00:00:00
cedb6fae-1bb5-4076-80a6-c3620d2e019c,Impossible-Carob1746,https://www.reddit.com/user/Impossible-Carob1746,false,1970-01-01 00:00:00
d07de528-ba11-4175-a519-cf4a9945ea7b,throwawaypandaabear,https://www.reddit.com/user/throwawaypandaabear,false,1970-01-01 00:00:00
d6c4b52a-517c-4053-b21b-95f6dbfbe6da,Melbatoastt77,https://www.reddit.com/user/Melbatoastt77,false,1970-01-01 00:00:00
d87dbedb-7592-4425-a48e-2494cb19d99b,Yujin-Ha,https://www.reddit.com/user/Yujin-Ha,false,1970-01-01 00:00:00
d9e90f86-9910-4756-881d-0e5df5841130,Glass_Spend1655,https://www.reddit.com/user/Glass_Spend1655,false,1970-01-01 00:00:00
dafdca5b-ecf5-4977-9fc1-1c001b2f34ff,goldstarflag,https://www.reddit.com/user/goldstarflag,false,1970-01-01 00:00:00
dd8893a6-70e8-4c54-ae9a-d314a2469e6a,BenedictAMA,https://www.reddit.com/user/BenedictAMA,false,1970-01-01 00:00:00
e0af92e7-8847-4c2e-9d46-62ffc5605c14,Any_Gap9612,https://www.reddit.com/user/Any_Gap9612,false,1970-01-01 00:00:00
eb002a01-d1e0-473c-85b1-45de38de1409,ReduceCO2Now,https://www.reddit.com/user/ReduceCO2Now,false,1970-01-01 00:00:00
eeb601c7-b489-491e-b111-71bc0822e2b1,PizdunEbun228,https://www.reddit.com/user/PizdunEbun228,false,1970-01-01 00:00:00
f0f85ae7-558f-4dd9-a95f-171c11621222,firstyasmine,https://www.reddit.com/user/firstyasmine,false,1970-01-01 00:00:00
f54397b9-4381-4bb5-9a06-f806f0a6732a,Brennenstein,https://www.reddit.com/user/Brennenstein,false,1970-01-01 00:00:00
f55130aa-46ff-44bd-84f6-f3554da26dde,Melodic_Judge_129,https://www.reddit.com/user/Melodic_Judge_129,false,1970-01-01 00:00:00
f69f7180-b7ea-4ab2-b329-aa4775186239,Mammoth_Mission_818,https://www.reddit.com/user/Mammoth_Mission_818,false,1970-01-01 00:00:00
f8e14e10-b777-4916-a29a-7351eda9dc4c,First_Huckleberry_24,https://www.reddit.com/user/First_Huckleberry_24,false,1970-01-01 00:00:00
t2_100nnaaa,tradenjoin,https://www.reddit.com/user/tradenjoin,false,2023-03-30 12:09:50
t2_1095cgk5,bloomberg,https://www.reddit.com/user/bloomberg,false,2025-05-19 08:30:20
t2_1098fybz,nbcnews,https://www.reddit.com/user/nbcnews,false,2025-05-09 02:22:00
t2_10twqd,T423,https://www.reddit.com/user/T423,false,2025-05-18 14:41:57
t2_110p07tx64,Ezgod_Two_Three,https://www.reddit.com/user/Ezgod_Two_Three,false,2025-05-12 14:30:20
t2_11qpwy2o,redlamps67,https://www.reddit.com/user/redlamps67,false,2025-05-02 01:31:05
t2_11v3q1,ICC-u,https://www.reddit.com/user/ICC-u,false,2025-05-08 12:38:03
t2_122e41,MikeFromSuburbia,https://www.reddit.com/user/MikeFromSuburbia,false,2025-05-06 16:27:33
t2_12je58c,Elcrelvin,https://www.reddit.com/user/Elcrelvin,false,2024-04-03 14:50:31
t2_12kgi39jxc,Snapdragon_4U,https://www.reddit.com/user/Snapdragon_4U,false,2025-05-09 05:56:05
t2_12nig6,GrinningAxe9,https://www.reddit.com/user/GrinningAxe9,false,2025-05-08 15:18:17
t2_12rqe5,Ivaylo_87,https://www.reddit.com/user/Ivaylo_87,false,2025-05-16 03:05:33
t2_12y601wj,lithdoc,https://www.reddit.com/user/lithdoc,false,2025-04-28 00:46:27
t2_12zuue,johnnypin,https://www.reddit.com/user/johnnypin,false,2025-05-08 19:37:44
t2_138d2nn48w,Fantastic_Bus_3742,https://www.reddit.com/user/Fantastic_Bus_3742,false,2025-05-02 22:03:26
t2_138s5k,Dentorion,https://www.reddit.com/user/Dentorion,false,2025-04-29 23:42:31
t2_139lglrccr,moonrabbit368,https://www.reddit.com/user/moonrabbit368,false,2025-05-13 05:31:11
t2_13j3uv,Croxsy,https://www.reddit.com/user/Croxsy,false,2025-04-30 20:42:20
t2_13zoa665og,Amavin-Adump,https://www.reddit.com/user/Amavin-Adump,false,2025-05-19 10:42:05
t2_14gq9qbz28,CityRulesFootball,https://www.reddit.com/user/CityRulesFootball,false,2025-05-08 17:18:11
t2_14h2ffr8sh,NaeeeBearrr,https://www.reddit.com/user/NaeeeBearrr,false,2024-08-19 01:55:45
t2_14j4uv,1us1,https://www.reddit.com/user/1us1,false,2025-05-06 12:10:01
t2_14jvzk,LoveLikeOxygen,https://www.reddit.com/user/LoveLikeOxygen,false,2025-05-05 18:08:29
t2_14mszdk20x,sirtuinsenolytic,https://www.reddit.com/user/sirtuinsenolytic,false,2025-05-02 00:04:31
t2_14mtylkjf1,Brave-Syllabub-5845,https://www.reddit.com/user/Brave-Syllabub-5845,false,2025-04-20 12:26:29
t2_14q6dvas68,liquidbuggy,https://www.reddit.com/user/liquidbuggy,false,2025-02-18 15:29:25
t2_1577ebn0b2,Shakespeare2225,https://www.reddit.com/user/Shakespeare2225,false,2025-02-26 16:39:34
t2_15j6ralxrf,Hornpipe_Jones,https://www.reddit.com/user/Hornpipe_Jones,false,2025-05-03 18:03:57
t2_15n8w6kqbw,Aggressive-Teach-539,https://www.reddit.com/user/Aggressive-Teach-539,false,2025-03-06 17:09:16
t2_15nadar86k,PostHeraldTimes,https://www.reddit.com/user/PostHeraldTimes,false,2025-05-08 23:18:28
t2_15nmkah,c-k-q99903,https://www.reddit.com/user/c-k-q99903,false,2025-05-08 19:57:54
t2_15p8sc,eaglemaxie,https://www.reddit.com/user/eaglemaxie,false,2025-05-08 21:28:46
t2_15rc43,SageTegan,https://www.reddit.com/user/SageTegan,false,2025-05-09 02:50:19
t2_15y4f76xwr,cosmic_voyager01,https://www.reddit.com/user/cosmic_voyager01,false,2025-03-22 12:44:26
t2_1627wxbo,PandaShizzy,https://www.reddit.com/user/PandaShizzy,false,2025-05-06 03:30:48
t2_166g323sbu,Minute-Line7955,https://www.reddit.com/user/Minute-Line7955,false,2025-03-23 04:18:04
t2_16brh62amj,Weird-Ball-2342,https://www.reddit.com/user/Weird-Ball-2342,false,2025-05-06 22:09:30
t2_16hljngu98,Mediocre-Disk737,https://www.reddit.com/user/Mediocre-Disk737,false,2025-05-12 15:16:44
t2_172aozuhqk,Ambitious_Elevator57,https://www.reddit.com/user/Ambitious_Elevator57,false,2025-05-05 15:47:45
t2_1773krj9,Huzaifa_Haroon,https://www.reddit.com/user/Huzaifa_Haroon,false,2025-05-08 20:08:14
t2_17bbkh47k1,sunnysidejacqueline,https://www.reddit.com/user/sunnysidejacqueline,false,2025-05-18 20:20:57
t2_17kf9u,gundymullet7,https://www.reddit.com/user/gundymullet7,false,2025-05-06 21:01:25
t2_17na2rhe0a,swiftfoot_hiker,https://www.reddit.com/user/swiftfoot_hiker,false,2025-05-07 23:59:52
t2_17rzbub3fl,Plus_Flight_3821,https://www.reddit.com/user/Plus_Flight_3821,false,2025-04-13 03:55:11
t2_1857ik2xwh,Left_Inspection2069,https://www.reddit.com/user/Left_Inspection2069,false,2025-05-08 04:35:48
t2_18b2e4qgx7,NovelInteraction711,https://www.reddit.com/user/NovelInteraction711,false,2025-05-04 00:05:44
t2_18n3x81nal,Lazy-Claim1892,https://www.reddit.com/user/Lazy-Claim1892,false,2025-05-03 18:38:17
t2_18xidfztqn,lylaskyxoo,https://www.reddit.com/user/lylaskyxoo,false,2025-05-09 03:13:58
t2_19n7i0cb,lukigeri,https://www.reddit.com/user/lukigeri,false,2025-04-25 13:18:23
t2_19pwcu8ea4,shalyam,https://www.reddit.com/user/shalyam,false,2025-05-07 05:14:51
t2_19ykd49vm3,sparkleygummiez,https://www.reddit.com/user/sparkleygummiez,false,2025-04-23 16:48:06
t2_1a6m589xzf,Longjumping-Box5691,https://www.reddit.com/user/Longjumping-Box5691,false,2025-05-08 23:53:39
t2_1aclup86,Vloodzy,https://www.reddit.com/user/Vloodzy,false,2025-01-27 18:29:23
t2_1acqbvradm,Worldlyoox,https://www.reddit.com/user/Worldlyoox,false,2025-05-18 23:58:54
t2_1anp76kr,Tiramissu_dt,https://www.reddit.com/user/Tiramissu_dt,false,2025-05-08 17:15:08
t2_1at8h28x8g,GenDouglasMacArthur,https://www.reddit.com/user/GenDouglasMacArthur,false,2025-05-04 13:20:10
t2_1b647lh7bi,kalbinibirak,https://www.reddit.com/user/kalbinibirak,false,2025-05-08 18:56:11
t2_1bxohkt99n,XanIrelia-1,https://www.reddit.com/user/XanIrelia-1,false,2025-05-11 22:09:14
t2_1cu589wft3,Zyxtriann,https://www.reddit.com/user/Zyxtriann,false,2025-05-08 21:40:31
t2_1dzwgqnrs3,Huron_Nori,https://www.reddit.com/user/Huron_Nori,false,2025-04-27 09:12:18
t2_1e342t,Bonecrusher52,https://www.reddit.com/user/Bonecrusher52,false,2025-05-03 23:11:12
t2_1e56miipr8,Lonely-Aardvark3377,https://www.reddit.com/user/Lonely-Aardvark3377,false,2025-04-13 17:10:38
t2_1f1fs3soju,Busy_Report4010,https://www.reddit.com/user/Busy_Report4010,false,2025-01-27 06:24:02
t2_1fkfpp1l,ZombiePartyBoyLives,https://www.reddit.com/user/ZombiePartyBoyLives,false,2025-04-26 22:37:05
t2_1ftcr7mjt8,Zestyclose-Salad-290,https://www.reddit.com/user/Zestyclose-Salad-290,false,2025-04-11 12:52:44
t2_1fu5v84n,Shanimal1229,https://www.reddit.com/user/Shanimal1229,false,2025-05-02 23:42:22
t2_1g6prdg4zu,Healthy_Jackfruit625,https://www.reddit.com/user/Healthy_Jackfruit625,false,2025-05-09 08:22:20
t2_1glrspjo85,truethrowaway90211,https://www.reddit.com/user/truethrowaway90211,false,2025-02-15 20:56:36
t2_1h8nfpmw24,Drazor9,https://www.reddit.com/user/Drazor9,false,2025-04-16 04:30:51
t2_1hzik3nc9j,damaniac1223,https://www.reddit.com/user/damaniac1223,false,2025-05-02 00:50:44
t2_1i7bz164fw,Ignignokt_DGAF,https://www.reddit.com/user/Ignignokt_DGAF,false,2025-05-08 23:26:20
t2_1ipi1p9y6i,Angelo8207,https://www.reddit.com/user/Angelo8207,false,2025-04-27 15:23:43
t2_1irkl8ipmy,verification-codes,https://www.reddit.com/user/verification-codes,false,2025-03-26 03:26:45
t2_1iuazqmo96,common_grounder,https://www.reddit.com/user/common_grounder,false,2025-05-08 21:37:08
t2_1iz6kb7,YomReddit,https://www.reddit.com/user/YomReddit,false,2025-05-06 14:21:07
t2_1jh8f904ny,Joshjao,https://www.reddit.com/user/Joshjao,false,2025-04-16 01:05:39
t2_1jjkrormgw,Stallion802,https://www.reddit.com/user/Stallion802,false,2025-04-28 03:09:07
t2_1kikrslkel,Much_Bed_2383,https://www.reddit.com/user/Much_Bed_2383,false,2025-04-10 22:41:21
t2_1kuwyk1ts0,Far_Pay8487,https://www.reddit.com/user/Far_Pay8487,false,2025-03-09 22:30:23
t2_1larof13,ohhleo,https://www.reddit.com/user/ohhleo,false,2025-03-04 18:05:03
t2_1lsa6wj9fi,anu-nand,https://www.reddit.com/user/anu-nand,false,2025-05-09 06:35:43
t2_1m5o6pba4m,Prior-Bus9723,https://www.reddit.com/user/Prior-Bus9723,false,2025-03-29 16:57:20
t2_1mexr9dmyt,R2-D2Vandelay,https://www.reddit.com/user/R2-D2Vandelay,false,2025-05-15 13:28:02
t2_1moq72bvk3,No-Sprinkles7135,https://www.reddit.com/user/No-Sprinkles7135,false,2025-04-16 14:21:56
t2_1muelh5y57,PrudentFarmers,https://www.reddit.com/user/PrudentFarmers,false,2025-04-29 23:22:46
t2_1nbb4kgo,Olirick41,https://www.reddit.com/user/Olirick41,false,2024-12-03 06:20:58
t2_1nocy1o5ve,Cafritsz,https://www.reddit.com/user/Cafritsz,false,2025-04-20 03:21:46
t2_1oahy606f6,Nana1733,https://www.reddit.com/user/Nana1733,false,2025-05-13 03:05:10
t2_1ogyes5s,istrx13,https://www.reddit.com/user/istrx13,false,2025-05-08 02:38:12
t2_1tlg57y,evissimus,https://www.reddit.com/user/evissimus,false,2025-04-22 17:48:18
t2_1ucdyz24,Designfanatic88,https://www.reddit.com/user/Designfanatic88,false,2025-05-03 19:52:53
t2_1ufi2d0x,Srinivas_Hunter,https://www.reddit.com/user/Srinivas_Hunter,false,2025-05-08 09:01:56
t2_1y1uunh7,eternviking,https://www.reddit.com/user/eternviking,false,2025-05-07 07:51:45
t2_2c4aiqq1,babyb01,https://www.reddit.com/user/babyb01,false,2025-04-18 18:45:47
t2_2d9128w,Salty_Nutella,https://www.reddit.com/user/Salty_Nutella,false,2025-05-02 21:20:00
t2_2jmvd5bx,Objectionne,https://www.reddit.com/user/Objectionne,false,2025-05-09 09:23:12
t2_2laocjl1,ozangeo,https://www.reddit.com/user/ozangeo,false,2025-05-04 12:58:42
t2_2nrwbhe3,unknown_ninja_me,https://www.reddit.com/user/unknown_ninja_me,false,2025-04-19 18:07:55
t2_2onnwukv,abdul_bino,https://www.reddit.com/user/abdul_bino,false,2025-05-18 05:30:12
t2_2q042q7y,tpunko,https://www.reddit.com/user/tpunko,false,2024-09-17 02:16:04
t2_2roh1094,Fair-Albatross8520,https://www.reddit.com/user/Fair-Albatross8520,false,2025-05-17 01:48:21
t2_2s6o32rv,Jax_the_fox,https://www.reddit.com/user/Jax_the_fox,false,2025-03-23 14:35:01
t2_2swmmeau,Frau_Haku,https://www.reddit.com/user/Frau_Haku,false,2025-05-18 11:41:45
t2_2t2d6d3u,Terrgon,https://www.reddit.com/user/Terrgon,false,2025-05-05 15:52:39
t2_2vmre0jp,Didoun,https://www.reddit.com/user/Didoun,false,2025-04-28 15:20:21
t2_2xee56oh,World_of_Warshipgirl,https://www.reddit.com/user/World_of_Warshipgirl,false,2025-05-06 14:38:00
t2_2y8iz9tr,TimesandSundayTimes,https://www.reddit.com/user/TimesandSundayTimes,false,2025-05-09 08:53:02
t2_2yjg9dt0,lionsgate,https://www.reddit.com/user/lionsgate,false,2025-05-12 19:03:16
t2_30te4llu,renbouy,https://www.reddit.com/user/renbouy,false,2025-04-02 12:50:40
t2_31kdhwoo,ticklemecancer,https://www.reddit.com/user/ticklemecancer,false,2025-04-13 00:18:17
t2_32t13xfx,KatoriRudo23,https://www.reddit.com/user/KatoriRudo23,false,2025-04-02 04:40:47
t2_34lwp072,EmeraldHayden12,https://www.reddit.com/user/EmeraldHayden12,false,2024-04-02 04:02:14
t2_35c6atep,mycoolredditname99,https://www.reddit.com/user/mycoolredditname99,false,2025-05-14 18:51:05
t2_35fk2,Quirkie,https://www.reddit.com/user/Quirkie,false,2025-05-18 11:37:17
t2_3g3omql6,NargaLifestream,https://www.reddit.com/user/NargaLifestream,false,2025-04-18 17:25:09
t2_3hab3,dndplosion913,https://www.reddit.com/user/dndplosion913,false,2025-04-13 06:23:20
t2_3k7nutxz,vtosnaks,https://www.reddit.com/user/vtosnaks,false,2025-04-27 15:25:17
t2_3nm0h9nz,CinemaAndChillLT,https://www.reddit.com/user/CinemaAndChillLT,false,2025-05-08 15:44:15
t2_3prne0od,ExactlySorta,https://www.reddit.com/user/ExactlySorta,false,2025-05-09 01:50:55
t2_3qt2901r,Then-Combination-958,https://www.reddit.com/user/Then-Combination-958,false,2024-07-01 01:07:19
t2_3sew67dw,karloroberts,https://www.reddit.com/user/karloroberts,false,2025-04-18 20:58:45
t2_3u7er0yn,Chaostim,https://www.reddit.com/user/Chaostim,false,2025-04-14 15:24:13
t2_3unfo67t,-ifeelfantastic,https://www.reddit.com/user/-ifeelfantastic,false,2025-05-01 19:37:33
t2_3wgua,Imitation88,https://www.reddit.com/user/Imitation88,false,2025-02-14 22:38:49
t2_3wk4ly0t,GuyLookingForPorn,https://www.reddit.com/user/GuyLookingForPorn,false,2025-05-09 08:45:09
t2_3wx1ezsm,Nether892,https://www.reddit.com/user/Nether892,false,2025-05-03 12:29:39
t2_3y5xst5u,siko6969,https://www.reddit.com/user/siko6969,false,2025-02-10 20:37:05
t2_3ykg9t3d,Doop_444,https://www.reddit.com/user/Doop_444,false,2025-04-18 02:58:39
t2_3zw60f4o,tinycubegamer45,https://www.reddit.com/user/tinycubegamer45,false,2025-04-30 17:54:21
t2_3zwz4tf5,ohsweetdeezus,https://www.reddit.com/user/ohsweetdeezus,false,2025-04-03 01:54:59
t2_40zqr9e9,Tesser_Wolf,https://www.reddit.com/user/Tesser_Wolf,false,2025-04-24 18:49:18
t2_46b12fss,penguinlol1,https://www.reddit.com/user/penguinlol1,false,2025-05-09 09:05:59
t2_47wq49xh,Wolfman205,https://www.reddit.com/user/Wolfman205,false,2025-03-14 20:09:56
t2_48iy61p2,GingerOfMods,https://www.reddit.com/user/GingerOfMods,false,2025-04-21 19:09:13
t2_48v0osuo,Reiketsu_Nariseba,https://www.reddit.com/user/Reiketsu_Nariseba,false,2025-04-23 15:09:56
t2_4a83e,SkullDump,https://www.reddit.com/user/SkullDump,false,2025-05-05 21:51:21
t2_4azktwjq,ujjwal_singh,https://www.reddit.com/user/ujjwal_singh,false,2025-05-17 19:43:09
t2_4b0r2w8x,Beo1217,https://www.reddit.com/user/Beo1217,false,2025-05-08 18:57:21
t2_4bwlr2rn,Nexus_Neo,https://www.reddit.com/user/Nexus_Neo,false,2025-05-09 05:21:49
t2_4d00fz37,cassavacakes,https://www.reddit.com/user/cassavacakes,false,2025-05-07 19:55:47
t2_4do5s702,Gizabi,https://www.reddit.com/user/Gizabi,false,2025-04-20 00:31:58
t2_4e7f3195,newsspotter,https://www.reddit.com/user/newsspotter,false,2025-05-08 23:15:48
t2_4egr72of,myownbrothermichael,https://www.reddit.com/user/myownbrothermichael,false,2025-04-02 15:03:50
t2_4kd8mzgl,Grognak42,https://www.reddit.com/user/Grognak42,false,2025-04-18 03:04:28
t2_4l1yszud,raptors201966,https://www.reddit.com/user/raptors201966,false,2025-05-06 12:03:54
t2_4mhta,xQcKx,https://www.reddit.com/user/xQcKx,false,2025-05-05 20:14:41
t2_4nzwh2zl,Toring1520,https://www.reddit.com/user/Toring1520,false,2025-04-21 08:03:03
t2_4q1u9nhu,cesar_otoniel,https://www.reddit.com/user/cesar_otoniel,false,2025-05-18 06:20:33
t2_4r4m1805,Vast-Intention,https://www.reddit.com/user/Vast-Intention,false,2025-05-15 02:51:44
t2_4s9jd0wd,HunterS_1981,https://www.reddit.com/user/HunterS_1981,false,2025-04-26 11:52:27
t2_4sbfi,Pilestedt,https://www.reddit.com/user/Pilestedt,false,2025-02-24 01:19:46
t2_4xojvsc2,kristy_che,https://www.reddit.com/user/kristy_che,false,2025-05-02 13:21:33
t2_4zfntwqa,G_OKU,https://www.reddit.com/user/G_OKU,false,2025-03-02 19:41:01
t2_517gd1u4,Reidei789,https://www.reddit.com/user/Reidei789,false,2025-04-10 17:01:32
t2_537tc9n6,cohonka,https://www.reddit.com/user/cohonka,false,2025-05-08 04:35:46
t2_55vtna94,DuceSantanu,https://www.reddit.com/user/DuceSantanu,false,2025-02-04 15:33:57
t2_562j5f83,EnvironmentalBasket2,https://www.reddit.com/user/EnvironmentalBasket2,false,2025-03-31 06:47:46
t2_565c77wz,sleepy_peep,https://www.reddit.com/user/sleepy_peep,false,2025-02-18 20:38:46
t2_57eli,Chris_Poole,https://www.reddit.com/user/Chris_Poole,false,2020-05-17 02:53:13
t2_5adwlxvn,MarvelsGrantMan136,https://www.reddit.com/user/MarvelsGrantMan136,false,2025-05-08 21:28:57
t2_5brrq61b,SnooTigers1836,https://www.reddit.com/user/SnooTigers1836,false,2025-03-28 18:18:50
t2_5c6rmm4s,Subject-Property-343,https://www.reddit.com/user/Subject-Property-343,false,2025-05-18 02:04:33
t2_5fige,smokeymctokerson,https://www.reddit.com/user/smokeymctokerson,false,2025-05-05 14:44:48
t2_5gpq2,titaniumdoughnut,https://www.reddit.com/user/titaniumdoughnut,false,2025-04-08 17:55:56
t2_5l1ws,Cheesenip20,https://www.reddit.com/user/Cheesenip20,false,2025-05-05 03:33:13
t2_5mfxe,boriswong,https://www.reddit.com/user/boriswong,false,2025-05-02 23:27:15
t2_5mtwj,aresef,https://www.reddit.com/user/aresef,false,2025-05-09 01:59:02
t2_5nru55si,Fearless_Collection,https://www.reddit.com/user/Fearless_Collection,false,2025-05-15 05:32:06
t2_5okyuhgy,Jherael,https://www.reddit.com/user/Jherael,false,2025-03-07 05:57:40
t2_5oufu2lf,Ultimintree,https://www.reddit.com/user/Ultimintree,false,2025-05-08 18:18:47
t2_5owzggw8,jacklsd,https://www.reddit.com/user/jacklsd,false,2025-05-06 12:28:29
t2_5qbgzm8x,akjkboss,https://www.reddit.com/user/akjkboss,false,2025-05-14 05:06:40
t2_5rgk3g2o,oppter,https://www.reddit.com/user/oppter,false,2025-04-05 13:05:22
t2_5si3mxt7,victorybus,https://www.reddit.com/user/victorybus,false,2025-05-07 21:10:11
t2_5wnbtjpu,Concubhar,https://www.reddit.com/user/Concubhar,false,2025-04-01 21:18:19
t2_646ngx2e,snokegsxr,https://www.reddit.com/user/snokegsxr,false,2025-04-11 19:19:14
t2_655zc,metalreflectslime,https://www.reddit.com/user/metalreflectslime,false,2025-05-07 06:54:57
t2_66hw0ydl,LevelDinner,https://www.reddit.com/user/LevelDinner,false,2025-05-08 00:54:42
t2_67emi,1Rab,https://www.reddit.com/user/1Rab,false,2025-05-09 04:34:17
t2_6aqs6qeo,Ill_Alternative_8513,https://www.reddit.com/user/Ill_Alternative_8513,false,2025-05-09 08:49:08
t2_6aztp8m0,starcraft2020,https://www.reddit.com/user/starcraft2020,false,2025-05-05 19:40:15
t2_6glkv5kt,ATXBikeRider,https://www.reddit.com/user/ATXBikeRider,false,2025-05-18 22:08:26
t2_6gwx5,Mightymaas,https://www.reddit.com/user/Mightymaas,false,2022-11-29 23:06:20
t2_6i3kcot,Soul_Sleepwhale,https://www.reddit.com/user/Soul_Sleepwhale,false,2025-05-08 11:29:00
t2_6kzjn1rgh,Ihatemisinfo,https://www.reddit.com/user/Ihatemisinfo,false,2025-04-23 06:23:52
t2_6llf3za3,SnooBeans3982,https://www.reddit.com/user/SnooBeans3982,false,2025-04-23 22:43:59
t2_6mnarxzm,rishu1221,https://www.reddit.com/user/rishu1221,false,2021-10-14 06:20:35
t2_6nugrrrn,CasualVox,https://www.reddit.com/user/CasualVox,false,2025-05-08 18:58:38
t2_6ogpm,camerongillette,https://www.reddit.com/user/camerongillette,false,2025-05-02 18:43:30
t2_6oqrdbh34,WokkalaOzhi,https://www.reddit.com/user/WokkalaOzhi,false,2025-04-13 00:44:28
t2_6wkw6,EtoileDuSoir,https://www.reddit.com/user/EtoileDuSoir,false,2025-04-30 14:09:43
t2_6wn06kim,Stotallytob3r,https://www.reddit.com/user/Stotallytob3r,false,2025-05-08 21:29:32
t2_70l585ay,jokastar2020,https://www.reddit.com/user/jokastar2020,false,2025-03-08 20:16:39
t2_70mqq,bigbusta,https://www.reddit.com/user/bigbusta,false,2025-05-14 02:42:15
t2_71p28k1k,Comfortable_Cautious,https://www.reddit.com/user/Comfortable_Cautious,false,2024-01-22 01:32:28
t2_72jdjlt0,sokspy,https://www.reddit.com/user/sokspy,false,2025-05-14 09:21:16
t2_7a7qkhpq,ChiefLeef22,https://www.reddit.com/user/ChiefLeef22,false,2025-05-16 18:01:09
t2_7as9xg2m,pannikar18,https://www.reddit.com/user/pannikar18,false,2025-03-26 16:11:32
t2_7bcm6,DogsOverEasy,https://www.reddit.com/user/DogsOverEasy,false,2025-04-09 11:57:18
t2_7e20uvct,FinTecGeek,https://www.reddit.com/user/FinTecGeek,false,2025-05-07 21:29:21
t2_7f5imu5o,Sympho1,https://www.reddit.com/user/Sympho1,false,2025-04-16 09:45:13
t2_7ge1363l,_Not__Available_,https://www.reddit.com/user/_Not__Available_,false,2025-04-22 13:57:06
t2_7mdzaz3u,Vladarg,https://www.reddit.com/user/Vladarg,false,2025-04-21 02:49:08
t2_7njv3w7u,Vilen1919,https://www.reddit.com/user/Vilen1919,false,2025-02-25 12:44:30
t2_7q494,chestney,https://www.reddit.com/user/chestney,false,2024-10-16 12:35:39
t2_7sxydnb9,Simonhub91,https://www.reddit.com/user/Simonhub91,false,2024-02-08 14:38:29
t2_7tn191si,fistedfries,https://www.reddit.com/user/fistedfries,false,2025-04-28 04:43:37
t2_7u39szuk,LighteningOneIN,https://www.reddit.com/user/LighteningOneIN,false,2025-05-15 17:00:28
t2_7x8ot0k5,Buschfan08,https://www.reddit.com/user/Buschfan08,false,2025-05-08 14:44:21
t2_7xtk9ivf,Zealousideal-Try4666,https://www.reddit.com/user/Zealousideal-Try4666,false,2025-04-25 14:11:25
t2_7yh0sv7h,Party_Judgment5780,https://www.reddit.com/user/Party_Judgment5780,false,2025-05-09 08:08:18
t2_7z2tbxwzx,Ricko9595,https://www.reddit.com/user/Ricko9595,false,2025-04-28 06:51:18
t2_81m4imam,Healthy_Block3036,https://www.reddit.com/user/Healthy_Block3036,false,2025-05-19 00:34:10
t2_82guys99,Scratchfangs,https://www.reddit.com/user/Scratchfangs,false,2025-05-04 18:08:38
t2_82vaxkrk,Willr2645,https://www.reddit.com/user/Willr2645,false,2025-05-08 19:28:39
t2_8349vwk0c,southernemper0r,https://www.reddit.com/user/southernemper0r,false,2025-05-08 22:15:59
t2_8am5otaa,Sad-Needleworker-590,https://www.reddit.com/user/Sad-Needleworker-590,false,2025-05-07 10:41:57
t2_8c1ys,michaelxmoney,https://www.reddit.com/user/michaelxmoney,false,2025-05-19 02:21:08
t2_8c49p,veloceracing,https://www.reddit.com/user/veloceracing,false,2025-05-16 00:21:44
t2_8dx3a127,doodybot,https://www.reddit.com/user/doodybot,false,2025-04-05 17:15:31
t2_8e6p1,Deadshot5,https://www.reddit.com/user/Deadshot5,false,2025-04-05 13:33:28
t2_8gbg3o4t,HAC-er_Man,https://www.reddit.com/user/HAC-er_Man,false,2024-12-20 21:01:54
t2_8gyvzjj7,AristFrost,https://www.reddit.com/user/AristFrost,false,2025-05-09 09:10:36
t2_8h539wv0,qwikfast_,https://www.reddit.com/user/qwikfast_,false,2025-03-15 17:57:40
t2_8kdr2r3w,TheImmortalDude,https://www.reddit.com/user/TheImmortalDude,false,2025-05-07 16:26:01
t2_8spjttn6,MetaKnowing,https://www.reddit.com/user/MetaKnowing,false,2025-05-08 16:50:41
t2_8tgip1gr,EitherCaregiver697,https://www.reddit.com/user/EitherCaregiver697,false,2025-04-09 11:57:22
t2_8wlxwqqek,garv3692,https://www.reddit.com/user/garv3692,false,2025-05-05 12:25:58
t2_8wm7r,tronx69,https://www.reddit.com/user/tronx69,false,2025-05-10 16:46:33
t2_8wmoq,LookAtThatBacon,https://www.reddit.com/user/LookAtThatBacon,false,2025-05-01 04:51:15
t2_92urshkn,Brilliant-Towel4044,https://www.reddit.com/user/Brilliant-Towel4044,false,2025-03-16 14:25:40
t2_9694y,anemicpolitik,https://www.reddit.com/user/anemicpolitik,false,2025-04-30 18:14:57
t2_9cl0t,hoosakiwi,https://www.reddit.com/user/hoosakiwi,false,2025-04-07 23:03:39
t2_9fmj3ldn,Slight_Ad3219,https://www.reddit.com/user/Slight_Ad3219,false,2025-05-07 22:00:47
t2_9l6p4b81,C4RD_TP_SG,https://www.reddit.com/user/C4RD_TP_SG,false,2025-05-08 12:39:14
t2_9mpl82jd,luna_rey55,https://www.reddit.com/user/luna_rey55,false,2025-04-22 19:38:37
t2_9uera5g,IWantPizza555,https://www.reddit.com/user/IWantPizza555,false,2025-05-09 02:20:29
t2_9xig0,t3hOutlaw,https://www.reddit.com/user/t3hOutlaw,false,2025-04-27 12:05:32
t2_9yq3b,Safety_Drance,https://www.reddit.com/user/Safety_Drance,false,2025-05-03 22:51:43
t2_9zbzh,SimonTS,https://www.reddit.com/user/SimonTS,false,2025-04-14 19:09:26
t2_a2ub5m5i,nangsss,https://www.reddit.com/user/nangsss,false,2025-04-21 17:57:08
t2_a39th1v6,RSSenna,https://www.reddit.com/user/RSSenna,false,2025-05-06 01:10:03
t2_a4ygfzcg,DystopianAdvocate,https://www.reddit.com/user/DystopianAdvocate,false,2025-04-29 13:16:51
t2_a5bl4u,PierreNumbe,https://www.reddit.com/user/PierreNumbe,false,2025-05-05 01:06:44
t2_a5jc9yd7,AryanN017,https://www.reddit.com/user/AryanN017,false,2025-05-05 18:04:55
t2_a5lc0g7xd,of_course_you_are,https://www.reddit.com/user/of_course_you_are,false,2025-04-28 21:19:45
t2_aafbxya,collogue,https://www.reddit.com/user/collogue,false,2025-05-08 07:23:48
t2_abo7960a,Nice_Substance9123,https://www.reddit.com/user/Nice_Substance9123,false,2025-05-09 07:01:50
t2_ac3on199m,daylightpiglet,https://www.reddit.com/user/daylightpiglet,false,2025-05-04 02:23:14
t2_aeen4rd0,Exciting-Composer157,https://www.reddit.com/user/Exciting-Composer157,false,2025-05-03 12:19:53
t2_aelahp9al,Ecstatic-Medium-6320,https://www.reddit.com/user/Ecstatic-Medium-6320,false,2025-05-09 07:58:05
t2_agpyr3tc,openlybl4ck,https://www.reddit.com/user/openlybl4ck,false,2025-01-22 15:49:52
t2_aj5yv,oioioi9537,https://www.reddit.com/user/oioioi9537,false,2025-05-05 11:30:10
t2_anc84bvg,totallynotsupernova_,https://www.reddit.com/user/totallynotsupernova_,false,2025-03-19 01:04:52
t2_aq6pf,Extrimas,https://www.reddit.com/user/Extrimas,false,2023-09-01 15:32:35
t2_arm9kz70,luxi_yes,https://www.reddit.com/user/luxi_yes,false,2025-04-11 23:08:23
t2_asusb,Sisiwakanamaru,https://www.reddit.com/user/Sisiwakanamaru,false,2025-05-17 12:18:09
t2_atymq4ar,xthefabledfox,https://www.reddit.com/user/xthefabledfox,false,2025-04-24 18:44:13
t2_awcffhlwg,Apprehensive-Sun1784,https://www.reddit.com/user/Apprehensive-Sun1784,false,2025-05-13 14:21:15
t2_b4ijfmm,Barry-McKocinue,https://www.reddit.com/user/Barry-McKocinue,false,2025-05-09 01:47:00
t2_b75rntgx,bluujacket,https://www.reddit.com/user/bluujacket,false,2025-04-16 03:19:47
t2_b9opr,askingquestionsblog,https://www.reddit.com/user/askingquestionsblog,false,2025-04-26 13:32:43
t2_bae4e,Bobqee,https://www.reddit.com/user/Bobqee,false,2025-01-10 06:08:52
t2_bdj9smo5,Echevarious,https://www.reddit.com/user/Echevarious,false,2025-04-23 20:15:32
t2_bhtdb,dropbeat,https://www.reddit.com/user/dropbeat,false,2024-01-01 21:56:26
t2_bmi12i2pt,Cad_bane_2,https://www.reddit.com/user/Cad_bane_2,false,2025-05-06 00:24:38
t2_bpeg94qc,DavidRolands,https://www.reddit.com/user/DavidRolands,false,2025-05-08 23:09:08
t2_bpnx1iyc,Charming_History7423,https://www.reddit.com/user/Charming_History7423,false,2025-05-12 10:13:03
t2_c0tx1dtx,Fearless-Hedgehog-58,https://www.reddit.com/user/Fearless-Hedgehog-58,false,2021-05-10 19:28:58
t2_c8scpuwcw,CityLiving2023,https://www.reddit.com/user/CityLiving2023,false,2025-05-16 04:54:39
t2_cggwwm6c,Unhappy_Raspberry_21,https://www.reddit.com/user/Unhappy_Raspberry_21,false,2025-04-10 20:29:07
t2_cgv55vpc,Appropriate-Menu504,https://www.reddit.com/user/Appropriate-Menu504,false,2025-03-05 08:12:10
t2_ciwyk,AIverson3,https://www.reddit.com/user/AIverson3,false,2025-05-08 15:01:02
t2_cp6po7bb,freudsdriver,https://www.reddit.com/user/freudsdriver,false,2025-03-12 19:25:31
t2_cu9nqdgrw,Extension-Sun-9651,https://www.reddit.com/user/Extension-Sun-9651,false,2025-05-09 08:38:37
t2_cxk8gu0t,plentyoflasagna,https://www.reddit.com/user/plentyoflasagna,false,2025-05-04 18:06:17
t2_czohgvm4,BreakfastTop6899,https://www.reddit.com/user/BreakfastTop6899,false,2025-05-09 01:49:02
t2_d2ockucz,WatercressSenior7657,https://www.reddit.com/user/WatercressSenior7657,false,2025-04-10 17:48:34
t2_d3ij6qxn,OlympicAnalEater,https://www.reddit.com/user/OlympicAnalEater,false,2025-05-13 22:25:24
t2_dbmgp1vq,DrTilki,https://www.reddit.com/user/DrTilki,false,2025-04-26 17:38:17
t2_dca49b9y8,Aggravating_Money992,https://www.reddit.com/user/Aggravating_Money992,false,2025-05-19 12:57:20
t2_dcaf4,lewjr,https://www.reddit.com/user/lewjr,false,2025-05-08 22:55:03
t2_dcgl56o0w,-Robert-from-Hungary,https://www.reddit.com/user/-Robert-from-Hungary,false,2025-05-08 03:35:38
t2_dfehlvga,Beautiful_Ad_4813,https://www.reddit.com/user/Beautiful_Ad_4813,false,2025-05-04 18:42:49
t2_djcjk,MoviesMod,https://www.reddit.com/user/MoviesMod,false,2025-04-03 15:56:57
t2_dnx1ab1f,BaronGamer,https://www.reddit.com/user/BaronGamer,false,2025-05-06 12:30:25
t2_do4ffj8em,theonlyalankay,https://www.reddit.com/user/theonlyalankay,false,2025-04-22 19:47:05
t2_dxnh0jal,Venator_IV,https://www.reddit.com/user/Venator_IV,false,2025-04-29 16:29:06
t2_e0w0rffh,After-Property-3678,https://www.reddit.com/user/After-Property-3678,false,2025-05-13 07:10:08
t2_e1p2yam29,ElectricalPie8079,https://www.reddit.com/user/ElectricalPie8079,false,2025-05-04 00:29:13
t2_e2ph4xa6,Economy_Elephant6200,https://www.reddit.com/user/Economy_Elephant6200,false,2025-05-08 12:04:31
t2_e4zg,ShesGotSauce,https://www.reddit.com/user/ShesGotSauce,false,2025-05-14 10:59:50
t2_eboy3my7,Ok-Garbage5011,https://www.reddit.com/user/Ok-Garbage5011,false,2023-06-18 10:19:50
t2_ed9iglk1,Efficient_Example541,https://www.reddit.com/user/Efficient_Example541,false,2025-05-09 09:20:06
t2_efjzo,TexBoo,https://www.reddit.com/user/TexBoo,false,2025-05-13 08:41:03
t2_eg5cgorv,tukistabbe,https://www.reddit.com/user/tukistabbe,false,2025-05-15 22:46:04
t2_ej4q51vt,Glittery_WarlockWho,https://www.reddit.com/user/Glittery_WarlockWho,false,2025-05-09 08:24:12
t2_elwcojehs,Official_Unkindlynx,https://www.reddit.com/user/Official_Unkindlynx,false,2025-02-03 06:44:47
t2_eplg33fx,20_comer_20matar,https://www.reddit.com/user/20_comer_20matar,false,2025-05-17 20:38:11
t2_er1y9u1,mootjuggler,https://www.reddit.com/user/mootjuggler,false,2025-04-30 10:40:33
t2_eveziqo,kmsasaki,https://www.reddit.com/user/kmsasaki,false,2025-05-09 05:30:17
t2_evw04,AudibleNod,https://www.reddit.com/user/AudibleNod,false,2025-05-15 14:58:40
t2_f0iyqb0r,truly-immaculate,https://www.reddit.com/user/truly-immaculate,false,2025-03-09 00:52:57
t2_f8ilh4kyy,LenaRybakina,https://www.reddit.com/user/LenaRybakina,false,2025-05-15 14:35:25
t2_f96tnvmg,TsukasaZaid,https://www.reddit.com/user/TsukasaZaid,false,2025-01-16 20:59:26
t2_fb50dsfk,Arc-Watcher,https://www.reddit.com/user/Arc-Watcher,false,2025-05-17 18:18:06
t2_fi0ds63l,viperrvemon,https://www.reddit.com/user/viperrvemon,false,2025-05-05 09:48:25
t2_fphnmdwa,SecretAd6239,https://www.reddit.com/user/SecretAd6239,false,2025-05-08 14:58:56
t2_fpk3qvvpn,Reasonable_Exam_4759,https://www.reddit.com/user/Reasonable_Exam_4759,false,2025-05-08 17:09:40
t2_fslmos5,Oni_das_Alagoas,https://www.reddit.com/user/Oni_das_Alagoas,false,2025-05-06 16:12:39
t2_fv7sr,Biekz,https://www.reddit.com/user/Biekz,false,2019-05-27 01:27:48
t2_fx3dzxia,Sea-Owl-1581,https://www.reddit.com/user/Sea-Owl-1581,false,2025-05-05 13:57:12
t2_fxmek,Withlovefrommordor,https://www.reddit.com/user/Withlovefrommordor,false,2025-03-31 10:19:33
t2_fy0p4,Ripamon,https://www.reddit.com/user/Ripamon,false,2025-05-13 14:33:02
t2_g0au2vip,RegretNecessary9990,https://www.reddit.com/user/RegretNecessary9990,false,2025-04-25 12:13:06
t2_g1zc8,Smackvein,https://www.reddit.com/user/Smackvein,false,2025-05-04 04:29:14
t2_g2fh9fd,RoyalChris,https://www.reddit.com/user/RoyalChris,false,2025-05-06 22:40:15
t2_g63owr7,Theteacupman,https://www.reddit.com/user/Theteacupman,false,2025-05-11 14:09:34
t2_ga55ok5f,LikeAFoxStudios_,https://www.reddit.com/user/LikeAFoxStudios_,false,2025-03-25 15:40:28
t2_gp6zp6t1,spartane69,https://www.reddit.com/user/spartane69,false,2025-05-08 16:49:19
t2_gsmb5r6e,Queasy-Zucchini-4221,https://www.reddit.com/user/Queasy-Zucchini-4221,false,2024-12-28 21:52:06
t2_gyzdofhuy,AshleyMyers44,https://www.reddit.com/user/AshleyMyers44,false,2025-04-12 01:56:25
t2_h1kn1il4h,johnboy43214321,https://www.reddit.com/user/johnboy43214321,false,2025-04-21 23:11:09
t2_h7b8y,CallMe_Dig_Baddy,https://www.reddit.com/user/CallMe_Dig_Baddy,false,2025-01-07 14:08:43
t2_ha0leefx,Ok-Independent483,https://www.reddit.com/user/Ok-Independent483,false,2025-05-08 10:31:05
t2_hcqr70b,samekrikl,https://www.reddit.com/user/samekrikl,false,2025-05-05 18:56:44
t2_hjl4ad3d8,Lawrence_of_ArabiaMI,https://www.reddit.com/user/Lawrence_of_ArabiaMI,false,2025-05-08 17:33:25
t2_hsk0d1fr,Remozy,https://www.reddit.com/user/Remozy,false,2025-05-03 22:02:34
t2_htwyc24m,JohnMarstonTheBadass,https://www.reddit.com/user/JohnMarstonTheBadass,false,2025-05-08 23:59:24
t2_hvhxo,maho90,https://www.reddit.com/user/maho90,false,2025-05-09 21:24:11
t2_hwp48f04,Dark_Zucchini1,https://www.reddit.com/user/Dark_Zucchini1,false,2024-09-20 01:53:07
t2_hxylf1ed,National_Ad3694,https://www.reddit.com/user/National_Ad3694,false,2023-04-13 15:43:40
t2_i6djhfjx,rather_short_qu,https://www.reddit.com/user/rather_short_qu,false,2025-04-24 10:34:00
t2_i7j842p7v,ChandlerBingsSarcasm,https://www.reddit.com/user/ChandlerBingsSarcasm,false,2025-05-08 14:32:52
t2_iy77ayk3w,kootles10,https://www.reddit.com/user/kootles10,false,2025-05-08 23:49:04
t2_j4cvc,GlitchedGamer14,https://www.reddit.com/user/GlitchedGamer14,false,2025-05-16 17:12:38
t2_j8p4354bu,CheeseGraterFace,https://www.reddit.com/user/CheeseGraterFace,false,2025-05-11 01:31:04
t2_jaed3kaw,Sum0ha,https://www.reddit.com/user/Sum0ha,false,2025-03-25 14:25:58
t2_jc2eqfek,JeffreyHugh,https://www.reddit.com/user/JeffreyHugh,false,2025-05-05 02:24:19
t2_jcexryp6,Creative_soja,https://www.reddit.com/user/Creative_soja,false,2025-05-16 23:58:16
t2_jcwcwywcr,pedsteve,https://www.reddit.com/user/pedsteve,false,2025-05-05 23:42:27
t2_jf0c1luz,Chad-Cat,https://www.reddit.com/user/Chad-Cat,false,2022-03-09 22:31:51
t2_jfdl0j3l,N4TETHAGR8,https://www.reddit.com/user/N4TETHAGR8,false,2025-05-16 18:53:50
t2_jngm0org,freejam013,https://www.reddit.com/user/freejam013,false,2025-02-16 17:41:34
t2_jxep5,Crushedfire,https://www.reddit.com/user/Crushedfire,false,2025-05-01 15:57:32
t2_k1kjupg69,madtninja,https://www.reddit.com/user/madtninja,false,2025-04-30 20:19:00
t2_k31kirvwh,Low-Window7968,https://www.reddit.com/user/Low-Window7968,false,2025-05-18 13:34:15
t2_k7ff8e,MilesLongthe3rd,https://www.reddit.com/user/MilesLongthe3rd,false,2025-05-08 09:43:09
t2_ke3b74ja,Forsaken_Tomorrow454,https://www.reddit.com/user/Forsaken_Tomorrow454,false,2025-04-28 00:39:01
t2_kfr9e,mharzhyall,https://www.reddit.com/user/mharzhyall,false,2025-04-29 03:29:16
t2_kgjovgx,aceplayer00,https://www.reddit.com/user/aceplayer00,false,2025-04-05 04:02:55
t2_khm6blyf,AriaTheMelodeon,https://www.reddit.com/user/AriaTheMelodeon,false,2025-02-02 19:57:54
t2_kiw8viiu,canxtanwe,https://www.reddit.com/user/canxtanwe,false,2025-05-04 20:09:06
t2_kjej0u817,TopConcentrate8484,https://www.reddit.com/user/TopConcentrate8484,false,2024-12-07 16:24:45
t2_ko310,sweatycat,https://www.reddit.com/user/sweatycat,false,2025-05-08 14:30:31
t2_kr3gt,snowboardjoe,https://www.reddit.com/user/snowboardjoe,false,2025-04-08 21:13:24
t2_l0cwqd5c,AlphaMassDeBeta,https://www.reddit.com/user/AlphaMassDeBeta,false,2025-05-19 07:50:35
t2_l1kcu,nuttycompany,https://www.reddit.com/user/nuttycompany,false,2024-12-04 11:31:30
t2_lkuksp0p,Planet_Nikk,https://www.reddit.com/user/Planet_Nikk,false,2025-01-22 10:49:36
t2_lz6m54216,self_hater24,https://www.reddit.com/user/self_hater24,false,2025-05-09 05:03:51
t2_m1eux,Kanajin,https://www.reddit.com/user/Kanajin,false,2023-06-09 21:11:03
t2_m2vyig6,BlackMarine,https://www.reddit.com/user/BlackMarine,false,2025-05-01 09:55:40
t2_m31s1hlil,basiroti06,https://www.reddit.com/user/basiroti06,false,2025-05-02 13:48:16
t2_m8t8szy96,TeachMeImWilling69,https://www.reddit.com/user/TeachMeImWilling69,false,2025-05-14 17:16:34
t2_mell0dchb,New-Explanation-4149,https://www.reddit.com/user/New-Explanation-4149,false,2025-04-14 02:46:45
t2_mi0px0qs,Key_Associate7476,https://www.reddit.com/user/Key_Associate7476,false,2025-05-19 09:16:49
t2_mmcbc,DarlingLuna,https://www.reddit.com/user/DarlingLuna,false,2025-05-08 15:11:23
t2_mui9zdb,Kazuliski,https://www.reddit.com/user/Kazuliski,false,2025-05-08 08:16:16
t2_muqlz5jp,DontCh4ngeNAmme,https://www.reddit.com/user/DontCh4ngeNAmme,false,2025-05-06 19:42:16
t2_mvvmh,grayfox0430,https://www.reddit.com/user/grayfox0430,false,2025-04-30 18:36:07
t2_mxpvucwy,sundler,https://www.reddit.com/user/sundler,false,2025-05-17 16:07:43
t2_nb0o5cgh,BananaRoxas,https://www.reddit.com/user/BananaRoxas,false,2025-04-18 02:16:52
t2_nip3usgn,1moreguyccl,https://www.reddit.com/user/1moreguyccl,false,2025-05-08 14:53:16
t2_noz2nd46,J_outsidehomie719,https://www.reddit.com/user/J_outsidehomie719,false,2025-04-21 18:57:02
t2_nrwof4si2,TheOneHarman,https://www.reddit.com/user/TheOneHarman,false,2025-04-12 22:35:07
t2_nzf990itc,No_Confusion8558,https://www.reddit.com/user/No_Confusion8558,false,2025-05-08 17:14:16
t2_o2sl7141,javelin3000,https://www.reddit.com/user/javelin3000,false,2025-05-12 11:01:34
t2_oahhnlzzh,Grand_Age1279,https://www.reddit.com/user/Grand_Age1279,false,2025-05-18 14:03:02
t2_ocd2i,jdippey,https://www.reddit.com/user/jdippey,false,2023-05-28 17:32:18
t2_odh9skdh,Soft_Elevator_8890,https://www.reddit.com/user/Soft_Elevator_8890,false,2024-06-23 17:59:13
t2_og9m9p5l,Prestigious-Yam-8605,https://www.reddit.com/user/Prestigious-Yam-8605,false,2025-05-02 03:13:28
t2_omnww8uh7,NOKD26,https://www.reddit.com/user/NOKD26,false,2025-05-09 03:08:43
t2_ooxrlea8d,Muted_Revolution561,https://www.reddit.com/user/Muted_Revolution561,false,2025-04-02 12:13:18
t2_osha4,brantrix,https://www.reddit.com/user/brantrix,false,2025-05-02 09:17:47
t2_owgzyd2m,Newisance,https://www.reddit.com/user/Newisance,false,2025-05-18 06:53:45
t2_ox0efn7l,henri-golo,https://www.reddit.com/user/henri-golo,false,2025-05-06 18:52:36
t2_p4kxacvs,dreamed2life,https://www.reddit.com/user/dreamed2life,false,2025-05-19 08:12:10
t2_pco8sy0q,RocktheRebellious,https://www.reddit.com/user/RocktheRebellious,false,2025-04-20 17:20:47
t2_pfr6wo,Nickulator95,https://www.reddit.com/user/Nickulator95,false,2025-05-09 01:55:57
t2_phbya3g2,sKullsHavezzz,https://www.reddit.com/user/sKullsHavezzz,false,2025-05-03 23:41:36
t2_phxzl0k4,No_Medium_9311,https://www.reddit.com/user/No_Medium_9311,false,2024-12-09 13:15:22
t2_ptj9y,Steinski1,https://www.reddit.com/user/Steinski1,false,2023-09-25 20:52:31
t2_ptknpy4,Hrekires,https://www.reddit.com/user/Hrekires,false,2025-05-09 02:47:34
t2_puwq3236,Holiday-Proof9819,https://www.reddit.com/user/Holiday-Proof9819,false,2025-05-08 18:15:37
t2_pvyub,CrispyMiner,https://www.reddit.com/user/CrispyMiner,false,2025-05-17 04:44:25
t2_pxr2v,Sinn_Sage,https://www.reddit.com/user/Sinn_Sage,false,2025-05-08 18:39:56
t2_q0l6po9q9,TopWay312,https://www.reddit.com/user/TopWay312,false,2025-05-07 08:21:36
t2_qf8zby8n,RecognitionLittle330,https://www.reddit.com/user/RecognitionLittle330,false,2025-05-16 18:48:30
t2_qgnurjv,bart081116,https://www.reddit.com/user/bart081116,false,2025-02-26 15:24:07
t2_qjq03nhs,Misther__,https://www.reddit.com/user/Misther__,false,2025-05-06 19:32:24
t2_qmvo1vigx,not-beaten,https://www.reddit.com/user/not-beaten,false,2025-05-17 16:33:55
t2_qs7rt,mom_with_an_attitude,https://www.reddit.com/user/mom_with_an_attitude,false,2025-04-20 17:47:26
t2_qwwb4n9j,whywhateverso,https://www.reddit.com/user/whywhateverso,false,2025-04-17 18:58:47
t2_r6ah8tmj,GarysCrispLettuce,https://www.reddit.com/user/GarysCrispLettuce,false,2025-05-06 01:41:51
t2_risybjeg,_FreddieLovesDelilah,https://www.reddit.com/user/_FreddieLovesDelilah,false,2025-05-08 20:13:28
t2_ruv0hdke,MothersMiIk,https://www.reddit.com/user/MothersMiIk,false,2025-05-09 06:38:52
t2_s7qj7upz,Anjali_Bhat,https://www.reddit.com/user/Anjali_Bhat,false,2025-02-02 19:26:09
t2_s8u40rjf,beekay8845,https://www.reddit.com/user/beekay8845,false,2025-05-08 15:18:53
t2_sh8u20qio,grandeluua,https://www.reddit.com/user/grandeluua,false,2025-05-08 19:58:30
t2_sila1ql1,Original_Act_3481,https://www.reddit.com/user/Original_Act_3481,false,2025-05-18 17:09:58
t2_smnqt01ey,DjChats,https://www.reddit.com/user/DjChats,false,2025-01-31 07:36:15
t2_t27vp,Turbostrider27,https://www.reddit.com/user/Turbostrider27,false,2025-05-19 13:02:11
t2_t4ld1,closesuse,https://www.reddit.com/user/closesuse,false,2025-03-27 08:00:10
t2_t9t2k,LeffJeff,https://www.reddit.com/user/LeffJeff,false,2023-06-18 18:14:41
t2_tbv5ujnm2,Lonelygoldyhair,https://www.reddit.com/user/Lonelygoldyhair,false,2025-05-04 23:41:31
t2_tbv7c2vp,Initial_Cellist_3406,https://www.reddit.com/user/Initial_Cellist_3406,false,2025-05-08 21:25:10
t2_tln0m9er,Additional_Tax_4752,https://www.reddit.com/user/Additional_Tax_4752,false,2025-04-29 20:04:02
t2_tn7bzyuw,Sea-Butterscotch-652,https://www.reddit.com/user/Sea-Butterscotch-652,false,2025-05-06 04:16:45
t2_tshbesya,OkayButFoRealz,https://www.reddit.com/user/OkayButFoRealz,false,2025-05-08 15:18:25
t2_txvhnmf0,ilykatya,https://www.reddit.com/user/ilykatya,false,2025-04-15 19:35:47
t2_u046i1sfk,TheOSU87,https://www.reddit.com/user/TheOSU87,false,2025-05-03 19:18:40
t2_u0pp6gv8q,Tun-Tavern-1775,https://www.reddit.com/user/Tun-Tavern-1775,false,2025-05-09 04:32:16
t2_uc4ljgpg,Pepper_Kalaki,https://www.reddit.com/user/Pepper_Kalaki,false,2025-05-08 22:30:05
t2_ulfzlvts,ganesse,https://www.reddit.com/user/ganesse,false,2025-04-17 03:29:40
t2_ulg9u,southpawFA,https://www.reddit.com/user/southpawFA,false,2025-05-08 22:48:14
t2_uyim4,rhysdg,https://www.reddit.com/user/rhysdg,false,2025-03-10 19:01:47
t2_uz2p4vl1s,Plastic_Cat9560,https://www.reddit.com/user/Plastic_Cat9560,false,2025-05-02 17:06:31
t2_v0aq003zk,East_Rub_2104,https://www.reddit.com/user/East_Rub_2104,false,2025-02-02 16:24:05
t2_v9mo5,adkim78,https://www.reddit.com/user/adkim78,false,2024-04-15 01:05:53
t2_vagr5bvz,SerafinZufferey,https://www.reddit.com/user/SerafinZufferey,false,2025-04-22 02:05:41
t2_vbk0r6rh,snowpie92,https://www.reddit.com/user/snowpie92,false,2025-05-16 13:06:13
t2_vjcrdl2g,GhettoHippie757,https://www.reddit.com/user/GhettoHippie757,false,2024-11-13 00:52:44
t2_vmsuz5ju,koraodajbuke,https://www.reddit.com/user/koraodajbuke,false,2025-05-07 09:58:44
t2_vukqhj5n0,Roids-in-my-vains,https://www.reddit.com/user/Roids-in-my-vains,false,2025-05-19 05:05:01
t2_vvngfacep,Vasuki-Bhai,https://www.reddit.com/user/Vasuki-Bhai,false,2025-05-11 10:05:09
t2_vzb86e7f,Dumivid,https://www.reddit.com/user/Dumivid,false,2025-05-13 18:54:41
t2_w25ndfc,newsweek,https://www.reddit.com/user/newsweek,false,2025-05-19 13:03:19
t2_w6lydqcvl,kundi-man,https://www.reddit.com/user/kundi-man,false,2025-05-08 16:18:00
t2_w6m24,CynicalDarkFox,https://www.reddit.com/user/CynicalDarkFox,false,2025-05-04 05:02:30
t2_w6tyzg2s,RollSafer,https://www.reddit.com/user/RollSafer,false,2025-05-15 13:24:20
t2_w8l39,malcolm58,https://www.reddit.com/user/malcolm58,false,2025-05-09 03:42:10
t2_w9h53g21,Boundaries1st,https://www.reddit.com/user/Boundaries1st,false,2025-05-09 03:33:47
t2_wkprl0fmo,Appropriate-Bike4246,https://www.reddit.com/user/Appropriate-Bike4246,false,2024-12-17 06:27:27
t2_wn5q8,tampering,https://www.reddit.com/user/tampering,false,2025-03-20 14:33:47
t2_wyocjjl0s,DiluteSeaBag,https://www.reddit.com/user/DiluteSeaBag,false,2025-05-08 07:23:33
t2_xacyzvh,DataLore19,https://www.reddit.com/user/DataLore19,false,2025-05-01 23:04:06
t2_xbkvojmfg,Western-Victory-7414,https://www.reddit.com/user/Western-Victory-7414,false,2025-05-06 12:25:43
t2_xk5eq,TheDoomBlade13,https://www.reddit.com/user/TheDoomBlade13,false,2025-02-23 13:18:26
t2_xm8c385cx,Monkai_final_boss,https://www.reddit.com/user/Monkai_final_boss,false,2025-05-09 09:24:47
t2_xmzvh,Mashumu,https://www.reddit.com/user/Mashumu,false,2024-12-05 05:30:15
t2_y9ulyqsdd,Tranquility6789,https://www.reddit.com/user/Tranquility6789,false,2025-05-06 22:39:16
t2_yamxn,az226,https://www.reddit.com/user/az226,false,2025-04-03 06:53:17
t2_yb8ew,adz0r,https://www.reddit.com/user/adz0r,false,2025-05-02 09:27:35
t2_yd3qv,kenistod,https://www.reddit.com/user/kenistod,false,2025-05-08 22:54:06
t2_yzkaq,Rpark888,https://www.reddit.com/user/Rpark888,false,2025-05-08 20:05:32
t2_za6iw4pxn,Ordinary-Nature-4910,https://www.reddit.com/user/Ordinary-Nature-4910,false,2025-05-18 03:53:38
t2_zheuh3oln,Plumplie,https://www.reddit.com/user/Plumplie,false,2025-04-30 01:47:25
t2_zorcx,TheJungLife,https://www.reddit.com/user/TheJungLife,false,2025-04-30 11:43:08
t2_zyv7o,stxxyy,https://www.reddit.com/user/stxxyy,false,2025-05-07 20:14:11